{"cameraMode":{"drawMode":0,"name":"Shaded","section":"Shading Mode"},"sceneLighting":false,"audioPlay":false,"sceneViewState":{"showFog":true,"showMaterialUpdate":false,"showSkybox":true,"showFlares":true,"showImageEffects":true,"showParticleSystems":true},"in2DMode":false,"pivot":{"x":-1.1437549591064454,"y":25.564590454101564,"z":-1.4691390991210938},"rotation":{"x":0.353547602891922,"y":-0.11965066939592362,"z":0.045653413981199267,"w":0.926608681678772},"size":110.95857238769531,"orthographic":false}