{"cameraMode":{"drawMode":0,"name":"Shaded","section":"Shading Mode"},"sceneLighting":false,"audioPlay":false,"sceneViewState":{"showFog":true,"showMaterialUpdate":false,"showSkybox":true,"showFlares":true,"showImageEffects":true,"showParticleSystems":true},"in2DMode":false,"pivot":{"x":32.040000915527347,"y":4.170000076293945,"z":-59.840003967285159},"rotation":{"x":-0.04296216368675232,"y":-0.9471566677093506,"z":0.283675879240036,"w":-0.1434449851512909},"size":102.6816635131836,"orthographic":false}