{"cameraMode":{"drawMode":0,"name":"Shaded","section":"Shading Mode"},"sceneLighting":false,"audioPlay":false,"sceneViewState":{"showFog":true,"showMaterialUpdate":false,"showSkybox":true,"showFlares":true,"showImageEffects":true,"showParticleSystems":true},"in2DMode":false,"pivot":{"x":45.842628479003909,"y":1.6935694217681885,"z":2.0394983291625978},"rotation":{"x":0.2814193367958069,"y":-0.5191215872764587,"z":0.1860300898551941,"w":0.7853081226348877},"size":28.40001106262207,"orthographic":false}