{"cameraMode":{"drawMode":0,"name":"Shaded","section":"Shading Mode"},"sceneLighting":false,"audioPlay":false,"sceneViewState":{"showFog":true,"showMaterialUpdate":false,"showSkybox":false,"showFlares":true,"showImageEffects":true,"showParticleSystems":true},"in2DMode":false,"pivot":{"x":72.0446548461914,"y":10.114870071411133,"z":12.540515899658204},"rotation":{"x":0.38694876432418826,"y":-0.19465364515781403,"z":0.08393217623233795,"w":0.8974051475524902},"size":56.961456298828128,"orthographic":false}